{
  "manifest_version": 3,
  "name": "BlueSkyColorPalletSwapper",
  "description": "Allows users to freely swap color themes",
  "version": "2.3",
  "icons": {
    "32": "icons/bsky32.png",
    "64": "icons/bsky64.png",
    "128": "icons/bsky128.png"
  },
  "content_scripts": [
    {
      "matches": [
        "*://bsky.app/*"
      ],
      "js": [
        "chrome/content_scripts/swap_pallet.js"
      ]
    }
  ],
  "background": {
    "service_worker": "chrome/background.js"
  },
  "permissions": [
    "storage"
  ],
  "action": {
    "default_title": "BlueSkyColorPalletSwapper",
    "default_popup": "chrome/popup/options.html"
  },
  "homepage_url": "https://github.com/Basedfloppa/Bsky-Color-Swapper"
}